{
  "lexicon": 1,
  "id": "app.bsky.embed.images",
  "description": "A set of images embedded in a Bluesky record (eg, a post).",
  "defs": {
    "main": {
      "type": "object",
      "required": [
        "images"
      ],
      "properties": {
        "images": {
          "type": "array",
          "items": {
            "ref": "#image",
            "type": "ref"
          },
          "maxLength": 4
        }
      }
    },
    "view": {
      "type": "object",
      "required": [
        "images"
      ],
      "properties": {
        "images": {
          "type": "array",
          "items": {
            "ref": "#viewImage",
            "type": "ref"
          },
          "maxLength": 4
        }
      }
    },
    "image": {
      "type": "object",
      "required": [
        "image",
        "alt"
      ],
      "properties": {
        "alt": {
          "type": "string",
          "description": "Alt text description of the image, for accessibility."
        },
        "image": {
          "type": "blob",
          "accept": [
            "image/*"
          ],
          "maxSize": 1000000
        },
        "aspectRatio": {
          "ref": "app.bsky.embed.defs#aspectRatio",
          "type": "ref"
        }
      }
    },
    "viewImage": {
      "type": "object",
      "required": [
        "thumb",
        "fullsize",
        "alt"
      ],
      "properties": {
        "alt": {
          "type": "string",
          "description": "Alt text description of the image, for accessibility."
        },
        "thumb": {
          "type": "string",
          "format": "uri",
          "description": "Fully-qualified URL where a thumbnail of the image can be fetched. For example, CDN location provided by the App View."
        },
        "fullsize": {
          "type": "string",
          "format": "uri",
          "description": "Fully-qualified URL where a large version of the image can be fetched. May or may not be the exact original blob. For example, CDN location provided by the App View."
        },
        "aspectRatio": {
          "ref": "app.bsky.embed.defs#aspectRatio",
          "type": "ref"
        }
      }
    }
  }
}